,Index,train_loss,vali_loss,test_loss
0,1,0.11205207440559264,0.095246464,0.10520278
1,2,0.08656973066134052,0.08955909,0.10002605
2,3,0.08130211108266473,0.086948454,0.09816296
3,4,0.07924412616847695,0.08617552,0.09729624
4,5,0.07825224826411976,0.08562303,0.09674805
5,6,0.07771766434547368,0.08514253,0.09661801
6,7,0.0774225707237537,0.08492685,0.0963076
7,8,0.0773089094790858,0.0847903,0.09623215
8,9,0.07719819473063612,0.08479078,0.096223846
9,10,0.07717348743959532,0.08503203,0.09620659
