,Index,train_loss,vali_loss,test_loss
0,1,0.17578106818630007,0.27196404,0.10895634
1,2,0.09149649287207742,0.25141203,0.09564835
2,3,0.07094422681082724,0.22963318,0.07318768
3,4,0.06136493399488122,0.23904707,0.06881552
4,5,0.05675381788990917,0.2203253,0.06448279
5,6,0.0544208942071887,0.21379852,0.063943
6,7,0.053017090524682835,0.21934181,0.064348705
7,8,0.05215601209369715,0.22130032,0.06287664
8,9,0.051784972733493605,0.22283894,0.062386245
9,10,0.05179149564006802,0.22059233,0.06262474
