,Index,train_loss,vali_loss,test_loss
0,1,0.10728283922714688,0.14687823,0.1131696
1,2,0.08478361121221875,0.12640773,0.10258701
2,3,0.07648724774491698,0.116259575,0.094690375
3,4,0.07232268731552786,0.11351831,0.09004373
4,5,0.06977853684752398,0.11061879,0.087219685
5,6,0.06841260911234086,0.10973214,0.08803035
6,7,0.06792603175710427,0.10948212,0.08730502
7,8,0.067802301116204,0.10915014,0.0869723
8,9,0.06757022372066751,0.10833231,0.08679855
9,10,0.06782294765868213,0.108297415,0.08572702
